0.56,real,pre
0,1,1
1,1,1
2,1,1
3,1,1
4,1,1
5,1,0
6,1,1
7,1,1
8,1,1
9,1,1
10,1,1
11,1,1
12,1,1
13,1,0
14,1,1
15,1,1
16,1,1
17,1,1
18,1,1
19,1,1
20,1,1
21,1,1
22,1,1
23,1,0
24,1,1
25,1,1
26,1,0
27,1,1
28,1,0
29,1,1
30,1,1
31,1,1
32,1,1
33,1,1
34,1,1
35,1,1
36,1,1
37,1,1
38,1,1
39,1,1
40,1,1
41,1,1
42,1,1
43,1,1
44,1,1
45,1,1
46,1,1
47,1,1
48,1,0
49,1,1
50,1,1
51,1,1
52,1,1
53,1,1
54,1,1
55,1,1
56,1,1
57,1,0
58,1,0
59,1,1
60,1,0
61,1,1
62,1,1
63,1,1
64,1,0
65,1,1
66,1,0
67,1,1
68,1,1
69,1,1
70,1,1
71,1,1
72,1,1
73,1,1
74,1,0
75,1,1
76,1,1
77,1,1
78,1,1
79,1,1
80,1,1
81,1,0
82,1,0
83,1,1
84,1,0
85,1,1
86,1,1
87,1,1
88,1,1
89,1,1
90,1,1
91,1,1
92,1,1
93,1,0
94,1,1
95,1,1
96,1,1
97,1,1
98,1,1
99,1,0
100,1,1
101,1,0
102,1,1
103,1,1
104,1,1
105,1,1
106,1,1
107,1,1
108,1,1
109,1,1
110,1,1
111,1,1
112,1,1
113,1,0
114,1,1
115,1,0
116,1,1
117,1,1
118,1,1
119,1,1
120,1,1
121,1,1
122,1,1
123,1,0
124,1,1
125,1,1
126,1,1
127,1,1
128,1,1
129,1,1
130,1,1
131,1,0
132,1,1
133,1,1
134,1,1
135,1,1
136,1,1
137,1,1
138,1,1
139,1,1
140,1,1
141,1,1
142,1,1
143,1,1
144,1,0
145,1,1
146,1,1
147,1,1
148,1,1
149,1,1
150,1,1
151,1,1
152,1,0
153,1,0
154,1,0
155,1,0
156,1,0
157,1,1
158,1,1
159,1,1
160,1,1
161,1,1
162,1,1
163,1,1
164,1,1
165,1,1
166,1,1
167,1,1
168,1,1
169,1,1
170,1,1
171,1,1
172,1,1
173,1,1
174,1,1
175,1,1
176,1,1
177,1,1
178,1,1
179,1,1
180,1,1
181,1,1
182,1,1
183,1,1
184,1,1
185,1,1
186,1,1
187,1,1
188,1,1
189,1,1
190,1,1
191,1,1
192,1,1
193,1,1
194,1,1
195,1,1
196,1,1
197,1,1
198,1,1
199,1,1
200,1,1
201,1,1
202,1,1
203,1,0
204,1,1
205,1,1
206,1,1
207,1,1
208,1,1
209,1,1
210,1,1
211,1,1
212,1,0
213,1,1
214,1,1
215,1,1
216,1,1
217,1,1
218,1,1
219,1,1
220,1,1
221,1,1
222,1,1
223,1,1
224,1,0
225,1,1
226,1,1
227,1,1
228,1,1
229,1,1
230,1,1
231,1,1
232,1,1
233,1,1
234,1,1
235,1,0
236,1,1
237,1,1
238,1,0
239,1,1
240,1,1
241,1,1
242,1,0
243,1,0
244,1,1
245,1,0
246,1,1
247,1,1
248,1,1
249,1,1
250,1,1
251,1,1
252,1,0
253,1,1
254,1,1
255,1,1
256,1,1
257,1,1
258,1,1
259,1,1
260,1,1
261,1,1
262,1,1
263,1,1
264,1,0
265,1,1
266,1,1
267,1,0
268,1,1
269,1,0
270,1,1
271,1,1
272,1,1
273,1,1
274,1,1
275,1,1
276,1,0
277,1,1
278,1,1
279,1,1
280,1,1
281,1,1
282,1,1
283,1,1
284,1,1
285,1,0
286,1,0
287,1,0
288,1,0
289,1,1
290,1,0
291,1,1
292,1,1
293,1,1
294,1,1
295,1,1
296,1,1
297,1,1
298,1,1
299,1,1
300,1,1
301,1,1
302,1,1
303,1,0
304,1,1
305,1,1
306,1,1
307,1,1
308,1,1
309,1,1
310,1,1
311,1,1
312,1,1
313,1,1
314,1,1
315,1,1
316,1,1
317,1,1
318,1,1
319,1,1
320,1,1
321,1,1
322,1,1
323,1,1
324,1,1
325,1,1
326,1,1
327,1,1
328,1,1
329,1,1
330,1,0
331,1,1
332,1,1
333,1,1
334,1,1
335,1,0
336,1,1
337,1,1
338,1,1
339,1,1
340,1,1
341,1,1
342,1,1
343,1,0
344,1,1
345,1,1
346,1,1
347,1,1
348,1,1
349,1,1
350,1,1
351,1,1
352,1,1
353,1,1
354,1,1
355,1,1
356,1,1
357,1,1
358,1,1
359,1,1
360,1,1
361,1,1
362,1,1
363,1,1
364,1,1
365,1,1
366,1,1
367,1,1
368,1,1
369,1,1
370,1,1
371,1,1
372,1,1
373,1,1
374,1,1
375,1,1
376,1,1
377,1,1
378,1,1
379,1,1
380,1,1
381,1,1
382,1,1
383,1,1
384,1,1
385,1,1
386,1,1
387,1,1
388,1,1
389,1,1
390,1,1
391,1,1
392,1,1
393,1,1
394,1,0
395,1,0
396,1,1
397,1,1
398,1,0
399,1,1
400,1,1
401,1,1
402,1,1
403,1,1
404,1,1
405,1,1
406,1,1
407,1,1
408,1,1
409,1,1
410,1,1
411,1,1
412,1,1
413,1,0
414,1,1
415,1,1
416,1,1
417,1,1
418,1,1
419,1,1
420,1,1
421,1,1
422,1,1
423,1,1
424,1,1
425,1,1
426,1,1
427,1,1
428,1,1
429,1,1
430,1,0
431,1,0
432,1,1
433,1,0
434,1,1
435,1,1
436,1,0
437,1,1
438,1,1
439,1,0
440,1,1
441,1,1
442,1,1
443,1,1
444,1,1
445,1,1
446,1,1
447,1,1
448,1,1
449,1,1
450,1,1
451,1,0
452,1,1
453,1,1
454,1,0
455,1,1
456,1,1
457,1,1
458,1,1
459,1,1
460,1,1
461,1,1
462,1,1
463,1,1
464,1,1
465,1,0
466,1,1
467,1,1
468,1,1
469,1,1
470,1,1
471,1,1
472,1,1
473,1,1
474,1,1
475,1,1
476,1,1
477,1,1
478,1,0
479,1,1
480,1,0
481,1,0
482,1,0
483,1,1
484,1,1
485,1,1
486,1,1
487,1,1
488,1,1
489,1,1
490,1,1
491,1,1
492,1,1
493,1,0
494,1,1
495,1,1
496,1,1
497,1,1
498,1,0
499,1,1
500,1,1
501,1,1
502,1,1
503,1,0
504,1,0
505,1,1
506,1,1
507,1,0
508,1,1
509,1,1
510,1,0
511,1,1
512,1,1
513,1,1
514,1,1
515,1,1
516,1,1
517,1,1
518,1,1
519,1,1
520,1,0
521,1,0
522,1,1
523,1,1
524,1,1
525,1,1
526,1,1
527,1,1
528,1,0
529,1,1
530,1,1
531,1,1
532,1,1
533,1,1
534,1,1
535,1,1
536,1,1
537,1,1
538,1,0
539,1,1
540,1,1
541,1,1
542,1,1
543,1,0
544,1,1
545,1,1
546,1,1
547,1,1
548,1,0
549,1,1
550,1,1
551,1,1
552,1,1
553,1,1
554,1,1
555,1,1
556,1,1
557,1,1
558,1,0
559,1,1
560,1,1
561,1,1
562,1,1
563,1,0
564,1,1
565,1,1
566,1,1
567,1,1
568,1,0
569,1,1
570,1,1
571,1,1
572,1,1
573,1,1
574,1,1
575,1,1
576,1,1
577,1,1
578,1,1
579,1,1
580,1,0
581,1,1
582,1,1
583,1,1
584,1,1
585,1,1
586,1,0
587,1,1
588,1,0
589,1,1
590,1,1
591,1,1
592,1,0
593,1,1
594,1,1
595,1,1
596,1,1
597,1,1
598,1,1
599,1,1
600,1,0
601,1,1
602,1,0
603,1,1
604,1,0
605,1,1
606,1,0
607,1,1
608,1,1
609,1,1
610,1,0
611,1,1
612,1,1
613,1,1
614,1,0
615,1,1
616,1,1
617,1,1
618,1,1
619,1,1
620,1,1
621,1,1
622,1,1
623,1,1
624,1,1
625,1,0
626,1,1
627,1,1
628,1,0
629,1,1
630,1,1
631,1,1
632,1,1
633,1,1
634,1,0
635,1,1
636,1,1
637,1,0
638,1,1
639,1,1
640,1,1
641,1,1
642,1,0
643,1,1
644,1,1
645,1,1
646,1,1
647,1,1
648,1,0
649,1,1
650,1,1
651,1,1
652,1,0
653,1,0
654,1,1
655,1,1
656,1,1
657,1,1
658,1,1
659,1,1
660,1,1
661,1,1
662,1,0
663,1,1
664,1,0
665,1,1
666,1,0
667,1,0
668,1,1
669,1,1
670,1,1
671,1,1
672,1,1
673,1,1
674,1,1
675,1,1
676,1,1
677,1,1
678,1,1
679,1,1
680,1,1
681,1,1
682,1,1
683,1,1
684,1,1
685,1,0
686,1,0
687,1,1
688,1,1
689,1,1
690,1,1
691,1,1
692,1,1
693,1,0
694,1,1
695,1,0
696,1,1
697,1,1
698,1,1
699,1,1
700,1,1
701,1,1
702,1,1
703,1,0
704,1,1
705,1,1
706,1,1
707,1,0
708,1,1
709,1,0
710,1,1
711,1,1
712,1,1
713,1,1
714,1,1
715,1,1
716,1,1
717,1,1
718,1,1
719,1,1
720,1,0
721,1,1
722,1,1
723,1,0
724,1,1
725,1,1
726,1,1
727,1,1
728,1,1
729,1,1
730,1,1
731,1,1
732,1,0
733,1,1
734,1,0
735,1,1
736,1,1
737,1,1
738,1,1
739,1,0
740,1,1
741,1,1
742,1,0
743,1,1
744,1,0
745,1,1
746,1,1
747,1,0
748,1,1
749,1,1
750,1,0
751,1,1
752,1,1
753,1,1
754,1,1
755,1,0
756,1,1
757,1,1
758,1,1
759,1,0
760,1,0
761,1,1
762,1,0
763,1,1
764,1,1
765,1,1
766,1,1
767,1,1
768,1,1
769,1,0
770,1,1
771,1,1
772,1,1
773,1,1
774,1,1
775,1,0
776,1,1
777,1,1
778,1,1
779,1,1
780,1,1
781,1,1
782,1,1
783,1,1
784,1,1
785,1,1
786,1,1
787,1,0
788,1,1
789,1,1
790,1,0
791,1,1
792,1,1
793,1,1
794,1,1
795,1,1
796,1,0
797,1,1
798,1,1
799,1,1
800,1,0
801,1,1
802,1,0
803,1,1
804,1,1
805,1,1
806,1,1
807,1,0
808,1,0
809,1,1
810,1,1
811,1,1
812,1,1
813,1,1
814,1,1
815,1,0
816,1,1
817,1,1
818,1,1
819,1,1
820,1,1
821,1,1
822,1,1
823,1,1
824,1,1
825,1,0
826,1,0
827,1,1
828,1,1
829,1,1
830,1,1
831,1,1
832,1,1
833,1,1
834,1,0
835,1,1
836,1,0
837,1,1
838,1,1
839,1,1
840,1,1
841,1,1
842,1,1
843,1,1
844,1,1
845,1,1
846,1,1
847,1,1
848,1,0
849,1,1
850,1,1
851,1,1
852,1,1
853,1,1
854,1,1
855,1,1
856,1,1
857,1,0
858,1,1
859,1,1
860,1,1
861,1,0
862,1,1
863,1,1
864,1,1
865,1,1
866,1,1
867,1,1
868,1,1
869,1,1
870,1,1
871,1,0
872,1,1
873,1,1
874,1,1
875,1,1
876,1,0
877,1,0
878,1,0
879,1,1
880,1,1
881,1,1
882,1,0
883,1,1
884,1,1
885,1,0
886,1,1
887,1,1
888,1,1
889,1,1
890,1,1
891,1,1
892,1,1
893,1,1
894,1,1
895,1,1
896,1,1
897,1,1
898,1,1
899,1,0
900,1,1
901,1,1
902,1,1
903,1,1
904,1,1
905,1,1
906,1,1
907,1,1
908,1,1
909,1,1
910,1,1
911,1,0
912,1,1
913,1,1
914,1,0
915,1,1
916,1,1
917,1,1
918,1,0
919,1,1
920,1,1
921,1,0
922,1,0
923,1,1
924,1,1
925,1,1
926,1,1
927,1,1
928,1,1
929,1,1
930,1,1
931,1,1
932,1,1
933,1,1
934,1,1
935,1,1
936,1,1
937,1,1
938,1,1
939,1,1
940,1,1
941,1,1
942,1,1
943,1,1
944,1,1
945,1,0
946,1,1
947,1,0
948,1,1
949,1,1
950,1,1
951,1,1
952,1,1
953,1,1
954,1,1
955,1,1
956,1,1
957,1,1
958,1,1
959,1,1
960,1,1
961,1,1
962,1,0
963,1,1
964,1,1
965,1,1
966,1,1
967,1,1
968,1,1
969,1,1
970,1,1
971,1,1
972,1,1
973,1,1
974,1,1
975,1,1
976,1,1
977,1,1
978,1,1
979,1,1
980,1,1
981,1,0
982,1,1
983,1,0
984,1,1
985,1,1
986,1,1
987,1,1
988,1,1
989,1,1
990,1,1
991,1,0
992,1,1
993,1,1
994,1,1
995,1,1
996,1,1
997,1,0
998,1,1
999,1,1
1000,1,0
1001,1,1
1002,1,1
1003,1,0
1004,1,1
1005,1,1
1006,1,1
1007,1,0
1008,1,1
1009,1,1
1010,1,0
1011,1,1
1012,1,0
1013,1,1
1014,1,1
1015,1,1
1016,1,1
1017,1,1
1018,1,0
1019,1,0
1020,1,1
1021,1,1
1022,1,1
1023,1,1
1024,1,1
1025,1,1
1026,1,1
1027,1,1
1028,1,1
1029,1,0
1030,1,1
1031,1,0
1032,1,1
1033,1,1
1034,1,1
1035,1,1
1036,1,1
1037,1,1
1038,1,0
1039,1,0
1040,1,0
1041,1,1
1042,1,1
1043,1,1
1044,1,0
1045,1,0
1046,1,1
1047,1,1
1048,1,1
1049,1,0
1050,1,0
1051,1,1
1052,1,1
1053,1,1
1054,1,1
1055,1,1
1056,1,0
1057,1,1
1058,1,0
1059,1,1
1060,1,1
1061,1,1
1062,1,1
1063,1,1
1064,1,1
1065,1,1
1066,1,0
1067,1,1
1068,1,1
1069,1,1
1070,1,1
1071,1,1
1072,1,1
1073,1,0
1074,1,1
1075,1,1
1076,1,1
1077,1,1
1078,1,1
1079,1,1
1080,1,0
1081,1,1
1082,1,0
1083,1,1
1084,1,0
1085,1,1
1086,1,1
1087,1,1
1088,1,1
1089,1,1
1090,1,1
1091,1,1
1092,1,0
1093,1,0
1094,1,0
1095,1,1
1096,1,1
1097,1,1
1098,1,0
1099,1,0
1100,1,1
1101,1,1
1102,1,1
1103,1,1
1104,1,1
1105,1,1
1106,1,1
1107,1,1
1108,1,1
1109,1,1
1110,1,1
1111,1,0
1112,1,1
1113,1,1
1114,1,0
1115,1,1
1116,1,0
1117,1,1
1118,1,1
1119,1,1
1120,1,1
1121,1,1
1122,1,1
1123,1,1
1124,1,1
1125,1,0
1126,1,1
1127,1,1
1128,1,1
1129,1,1
1130,1,0
1131,1,1
1132,1,1
1133,1,1
1134,1,0
1135,1,1
1136,1,0
1137,1,1
1138,1,1
1139,1,1
1140,1,1
1141,1,1
1142,1,1
1143,1,0
1144,1,1
1145,1,1
1146,1,1
1147,1,1
1148,1,1
1149,1,1
1150,1,1
1151,1,1
1152,1,0
1153,1,0
1154,1,1
1155,1,1
1156,1,0
1157,1,1
1158,1,1
1159,1,1
1160,1,1
1161,1,0
1162,1,0
1163,1,0
1164,1,1
1165,1,0
1166,1,1
1167,1,1
1168,1,1
1169,1,0
1170,1,0
1171,1,1
1172,1,1
1173,1,0
1174,1,1
1175,1,1
1176,1,1
1177,1,0
1178,1,1
1179,1,0
1180,1,1
1181,1,1
1182,1,1
1183,1,0
1184,1,1
1185,1,1
1186,1,1
1187,1,1
1188,1,1
1189,1,1
1190,1,1
1191,1,1
1192,1,1
1193,1,1
1194,1,1
1195,1,1
1196,1,0
1197,1,1
1198,1,1
1199,1,1
1200,1,1
1201,1,1
1202,1,1
1203,1,1
1204,1,1
1205,1,1
1206,1,0
1207,1,1
1208,1,1
1209,1,1
1210,1,1
1211,1,1
1212,1,1
1213,1,1
1214,1,1
1215,1,1
1216,1,0
1217,1,1
1218,1,1
1219,1,1
1220,1,1
1221,1,1
1222,1,1
1223,1,1
1224,1,1
1225,1,1
1226,1,1
1227,1,1
1228,1,1
1229,1,1
1230,1,0
1231,1,1
1232,1,1
1233,1,1
1234,1,1
1235,1,0
1236,1,1
1237,1,0
1238,1,1
1239,1,1
1240,1,1
1241,1,1
1242,1,1
1243,1,0
1244,1,0
1245,1,1
1246,1,1
1247,1,1
1248,1,1
1249,1,1
1250,1,1
1251,1,1
1252,1,0
1253,1,1
1254,1,1
1255,1,1
1256,1,1
1257,1,1
1258,1,1
1259,1,1
1260,1,1
1261,1,1
1262,1,1
1263,1,1
1264,1,0
1265,1,1
1266,1,1
1267,1,1
1268,1,0
1269,1,1
1270,1,1
1271,1,1
1272,1,1
1273,1,1
1274,1,1
1275,1,1
1276,1,1
1277,1,0
1278,1,1
1279,1,1
1280,1,1
1281,1,1
1282,1,1
1283,1,1
1284,1,1
1285,1,1
1286,1,1
1287,1,1
1288,1,1
1289,1,1
1290,1,1
1291,1,1
1292,1,1
1293,1,1
1294,1,1
1295,1,1
1296,1,1
1297,1,1
1298,1,1
1299,1,1
1300,1,1
1301,1,1
1302,1,1
1303,1,1
1304,1,1
1305,1,1
1306,1,1
1307,1,1
1308,1,1
1309,1,1
1310,1,0
1311,1,1
1312,1,1
1313,1,1
1314,1,1
1315,1,1
1316,1,0
1317,1,1
1318,1,1
1319,1,0
1320,1,0
1321,1,1
1322,1,1
1323,1,1
1324,1,1
1325,1,0
1326,1,1
1327,1,1
1328,1,1
1329,1,1
1330,1,0
1331,1,1
1332,1,0
1333,1,1
1334,1,1
1335,1,1
1336,1,1
1337,1,1
1338,1,1
1339,1,1
1340,1,1
1341,1,1
1342,1,1
1343,1,1
1344,1,1
1345,1,1
1346,1,1
1347,1,1
1348,1,0
1349,1,1
1350,1,1
1351,1,1
1352,1,1
1353,1,1
1354,1,1
1355,1,1
1356,1,1
1357,1,1
1358,1,1
1359,1,1
1360,1,1
1361,1,1
1362,1,1
1363,1,1
1364,1,1
1365,1,1
1366,1,0
1367,1,1
1368,1,1
1369,1,1
1370,1,1
1371,1,1
1372,1,1
1373,1,0
1374,1,0
1375,1,1
1376,1,1
1377,1,0
1378,1,1
1379,1,1
1380,1,1
1381,1,1
1382,1,1
1383,1,1
1384,1,0
1385,1,1
1386,1,1
1387,1,0
1388,1,1
1389,1,1
1390,1,1
1391,1,0
1392,1,1
1393,1,1
1394,1,1
1395,1,1
1396,1,1
1397,1,1
1398,1,1
1399,1,1
1400,1,1
1401,1,1
1402,1,1
1403,1,1
1404,1,1
1405,1,1
1406,1,1
1407,1,1
1408,1,1
1409,1,0
1410,1,1
1411,1,1
1412,1,1
1413,1,0
1414,1,1
1415,1,1
1416,1,1
1417,1,1
1418,1,1
1419,1,1
1420,1,1
1421,1,0
1422,1,1
1423,1,1
1424,1,1
1425,1,1
1426,1,1
1427,1,1
1428,1,0
1429,1,1
1430,1,1
1431,1,1
1432,1,1
1433,1,0
1434,1,1
1435,1,1
1436,1,1
1437,1,1
1438,1,1
1439,1,1
1440,1,1
1441,1,1
1442,1,0
1443,1,1
1444,1,1
1445,1,1
1446,1,1
1447,1,1
1448,1,1
1449,1,1
1450,1,1
1451,1,0
1452,1,1
1453,1,1
1454,1,1
1455,1,1
1456,1,0
1457,1,1
1458,1,1
1459,1,1
1460,1,1
1461,1,1
1462,1,1
1463,1,1
1464,1,1
1465,1,1
1466,1,1
1467,1,1
1468,1,1
1469,1,1
1470,1,0
1471,1,1
1472,1,1
1473,1,1
1474,1,1
1475,1,1
1476,1,0
1477,1,1
1478,1,1
1479,1,1
1480,1,1
1481,1,1
1482,1,1
1483,1,1
1484,1,0
1485,1,0
1486,1,1
1487,1,1
1488,1,1
1489,1,0
1490,1,1
1491,1,1
1492,1,1
1493,1,0
1494,1,1
1495,1,1
1496,1,1
1497,1,1
1498,1,1
1499,1,0
1500,1,1
1501,1,1
1502,1,1
1503,1,0
1504,1,0
1505,1,0
1506,1,1
1507,1,1
1508,1,1
1509,1,1
1510,1,0
1511,1,1
1512,1,1
1513,1,1
1514,1,1
1515,1,1
1516,1,1
1517,1,1
1518,1,1
1519,1,1
1520,1,1
1521,1,1
1522,1,1
1523,1,1
1524,1,1
1525,1,1
1526,1,1
1527,1,1
1528,1,1
1529,1,1
1530,1,1
1531,1,1
1532,1,1
1533,1,1
1534,1,1
1535,1,1
1536,1,1
1537,1,1
1538,1,1
1539,1,1
1540,1,1
1541,1,1
1542,1,1
1543,1,0
1544,1,0
1545,1,1
1546,1,1
1547,1,1
1548,1,1
1549,1,1
1550,1,0
1551,1,1
1552,1,1
1553,1,1
1554,1,1
1555,1,1
1556,1,1
1557,1,1
1558,1,1
1559,1,1
1560,1,0
1561,1,1
1562,1,1
1563,1,0
1564,1,1
1565,1,1
1566,1,1
1567,1,1
1568,1,1
1569,1,0
1570,1,1
1571,1,1
1572,1,1
1573,1,1
1574,1,1
1575,1,1
1576,1,0
1577,1,1
1578,1,1
1579,1,1
1580,1,1
1581,1,1
1582,1,1
1583,1,1
1584,1,1
1585,1,0
1586,1,1
1587,1,1
1588,1,1
1589,1,1
1590,1,1
1591,1,1
1592,1,1
1593,1,1
1594,1,0
1595,1,1
1596,1,1
1597,1,1
1598,1,1
1599,1,1
1600,1,1
1601,1,0
1602,1,0
1603,1,1
1604,1,1
1605,1,1
1606,1,1
1607,1,1
1608,1,1
1609,1,1
1610,1,1
1611,1,1
1612,1,1
1613,1,1
1614,1,1
1615,1,1
1616,1,1
1617,1,0
1618,1,1
1619,1,1
1620,1,1
1621,1,1
1622,1,1
1623,1,1
1624,1,1
1625,1,1
1626,1,1
1627,1,1
1628,1,1
1629,1,1
1630,1,1
1631,1,1
1632,1,1
1633,1,0
1634,1,1
1635,1,1
1636,1,1
1637,1,0
1638,1,1
1639,1,1
1640,1,1
1641,1,1
1642,1,1
1643,1,0
1644,1,1
1645,1,1
1646,1,0
1647,1,1
1648,1,1
1649,1,1
1650,1,1
1651,1,1
1652,1,1
1653,1,1
1654,1,1
1655,1,1
1656,1,1
1657,1,1
1658,1,1
1659,1,1
1660,1,1
1661,1,0
1662,1,1
1663,1,0
1664,1,1
1665,1,0
1666,1,1
1667,1,0
1668,1,1
1669,1,1
1670,1,1
1671,1,0
1672,1,1
1673,1,0
1674,1,1
1675,1,0
1676,1,1
1677,1,1
1678,1,0
1679,1,1
1680,1,1
1681,1,1
1682,1,1
1683,1,1
1684,1,1
1685,1,1
1686,1,1
1687,1,1
1688,1,1
1689,1,1
1690,1,1
1691,1,0
1692,1,1
1693,1,1
1694,1,1
1695,1,1
1696,1,1
1697,1,1
1698,1,0
1699,1,1
1700,1,1
1701,1,1
1702,1,1
1703,1,1
1704,1,1
1705,1,1
1706,1,1
1707,1,0
1708,1,1
1709,1,1
1710,1,1
1711,1,1
1712,1,1
1713,1,1
1714,1,1
1715,1,1
1716,1,1
1717,1,1
1718,1,1
1719,1,1
1720,1,1
1721,1,0
1722,1,1
1723,1,1
1724,1,1
1725,1,1
1726,1,1
1727,1,1
1728,1,1
1729,1,1
1730,1,1
1731,1,0
1732,1,1
1733,1,1
1734,1,1
1735,1,1
1736,1,0
1737,1,1
1738,1,1
1739,1,0
1740,1,1
1741,1,1
1742,1,1
1743,1,1
1744,1,1
1745,1,0
1746,1,1
1747,1,1
1748,1,1
1749,1,1
1750,1,1
1751,1,1
1752,1,1
1753,1,1
1754,1,0
1755,1,1
1756,1,1
1757,1,1
1758,1,1
1759,1,1
1760,1,1
1761,1,1
1762,1,1
1763,1,1
1764,1,0
1765,1,1
1766,1,1
1767,1,1
1768,1,1
1769,1,1
1770,1,1
1771,1,1
1772,1,1
1773,1,1
1774,1,1
1775,1,1
1776,1,1
1777,1,1
1778,1,1
1779,1,1
1780,1,1
1781,1,1
1782,1,1
1783,1,0
1784,1,1
1785,1,1
1786,1,1
1787,1,1
1788,1,1
1789,1,1
1790,1,1
1791,1,1
1792,1,1
1793,1,1
1794,1,1
1795,1,0
1796,1,1
1797,1,1
1798,1,0
1799,1,0
1800,1,1
1801,1,1
1802,1,1
1803,1,1
1804,1,1
1805,1,0
1806,1,1
1807,1,1
1808,1,0
1809,1,1
1810,1,1
1811,1,1
1812,1,1
1813,1,1
1814,1,0
1815,1,1
1816,1,0
1817,1,1
1818,1,0
1819,1,0
1820,1,1
1821,1,1
1822,1,1
1823,1,0
1824,1,1
1825,1,1
1826,1,0
1827,1,1
1828,1,1
1829,1,1
1830,1,0
1831,1,1
1832,1,1
1833,1,1
1834,1,1
1835,1,1
1836,1,0
1837,1,1
1838,1,1
1839,1,1
1840,1,1
1841,1,1
1842,1,1
1843,1,0
1844,1,1
1845,1,0
1846,1,1
1847,1,0
1848,1,1
1849,1,1
1850,1,1
1851,1,0
1852,1,1
1853,1,1
1854,1,1
1855,1,1
1856,1,1
1857,1,1
1858,1,0
1859,1,1
1860,1,0
1861,1,1
1862,1,0
1863,1,1
1864,1,1
1865,1,1
1866,1,1
1867,1,1
1868,1,1
1869,1,1
1870,1,1
1871,1,1
1872,1,1
1873,1,1
1874,1,1
1875,1,1
1876,1,1
1877,1,1
1878,1,1
1879,1,1
1880,1,1
1881,1,0
1882,1,1
1883,1,1
1884,1,1
1885,1,1
1886,1,1
1887,1,1
1888,1,1
1889,1,0
1890,1,0
1891,1,1
1892,1,1
1893,1,1
1894,1,1
1895,1,1
1896,1,1
1897,1,0
1898,1,0
1899,1,1
1900,1,1
1901,1,1
1902,1,1
1903,1,1
1904,1,1
1905,1,1
1906,1,1
1907,1,1
1908,1,1
1909,1,0
1910,1,1
1911,1,1
1912,1,1
1913,1,1
1914,1,0
1915,1,1
1916,1,1
1917,1,1
1918,1,1
1919,1,1
1920,1,0
1921,1,1
1922,1,1
1923,1,1
1924,1,0
1925,1,1
1926,1,1
1927,1,1
1928,1,1
1929,1,1
1930,1,1
1931,1,1
1932,1,0
1933,1,1
1934,1,1
1935,1,1
1936,1,0
1937,1,0
1938,1,1
1939,1,0
1940,1,1
1941,1,1
1942,1,1
1943,1,1
1944,1,1
1945,1,1
1946,1,1
1947,1,0
1948,1,1
1949,1,0
1950,1,1
1951,1,0
1952,1,1
1953,1,1
1954,1,1
1955,1,1
1956,1,1
1957,1,1
1958,1,1
1959,1,1
1960,1,1
1961,1,1
1962,1,1
1963,1,1
1964,1,1
1965,1,1
1966,1,1
1967,1,1
1968,1,1
1969,1,1
1970,1,1
1971,1,1
1972,1,1
1973,1,1
1974,1,0
1975,1,1
1976,1,0
1977,1,0
1978,1,1
1979,1,0
1980,1,1
1981,1,1
1982,1,0
1983,1,0
1984,1,1
1985,1,1
1986,1,1
1987,1,1
1988,1,0
1989,1,1
1990,1,1
1991,1,1
1992,1,1
1993,1,1
1994,1,1
1995,1,1
1996,1,1
1997,1,0
1998,1,0
1999,1,1
2000,0,1
2001,0,1
2002,0,1
2003,0,0
2004,0,0
2005,0,0
2006,0,1
2007,0,1
2008,0,0
2009,0,1
2010,0,1
2011,0,1
2012,0,0
2013,0,1
2014,0,1
2015,0,0
2016,0,0
2017,0,1
2018,0,1
2019,0,0
2020,0,1
2021,0,1
2022,0,0
2023,0,1
2024,0,1
2025,0,1
2026,0,0
2027,0,1
2028,0,1
2029,0,1
2030,0,1
2031,0,1
2032,0,1
2033,0,0
2034,0,0
2035,0,1
2036,0,1
2037,0,0
2038,0,0
2039,0,1
2040,0,1
2041,0,0
2042,0,0
2043,0,1
2044,0,1
2045,0,1
2046,0,1
2047,0,1
2048,0,1
2049,0,1
2050,0,1
2051,0,0
2052,0,0
2053,0,1
2054,0,0
2055,0,1
2056,0,1
2057,0,1
2058,0,0
2059,0,1
2060,0,1
2061,0,0
2062,0,1
2063,0,1
2064,0,1
2065,0,1
2066,0,0
2067,0,1
2068,0,1
2069,0,0
2070,0,1
2071,0,0
2072,0,1
2073,0,0
2074,0,1
2075,0,1
2076,0,1
2077,0,1
2078,0,0
2079,0,1
2080,0,1
2081,0,1
2082,0,0
2083,0,1
2084,0,1
2085,0,0
2086,0,0
2087,0,1
2088,0,1
2089,0,1
2090,0,1
2091,0,0
2092,0,1
2093,0,1
2094,0,1
2095,0,1
2096,0,1
2097,0,1
2098,0,0
2099,0,1
2100,0,0
2101,0,0
2102,0,1
2103,0,1
2104,0,1
2105,0,1
2106,0,1
2107,0,0
2108,0,1
2109,0,0
2110,0,1
2111,0,0
2112,0,0
2113,0,0
2114,0,1
2115,0,0
2116,0,1
2117,0,1
2118,0,1
2119,0,0
2120,0,1
2121,0,1
2122,0,1
2123,0,1
2124,0,1
2125,0,1
2126,0,0
2127,0,0
2128,0,1
2129,0,1
2130,0,1
2131,0,1
2132,0,1
2133,0,0
2134,0,1
2135,0,1
2136,0,0
2137,0,0
2138,0,0
2139,0,0
2140,0,0
2141,0,0
2142,0,1
2143,0,1
2144,0,1
2145,0,0
2146,0,0
2147,0,1
2148,0,1
2149,0,1
2150,0,0
2151,0,1
2152,0,1
2153,0,1
2154,0,1
2155,0,0
2156,0,1
2157,0,1
2158,0,1
2159,0,0
2160,0,1
2161,0,1
2162,0,1
2163,0,1
2164,0,1
2165,0,1
2166,0,0
2167,0,1
2168,0,1
2169,0,1
2170,0,0
2171,0,1
2172,0,1
2173,0,1
2174,0,1
2175,0,1
2176,0,0
2177,0,1
2178,0,0
2179,0,1
2180,0,1
2181,0,1
2182,0,1
2183,0,1
2184,0,1
2185,0,1
2186,0,0
2187,0,0
2188,0,1
2189,0,0
2190,0,0
2191,0,1
2192,0,1
2193,0,1
2194,0,0
2195,0,1
2196,0,1
2197,0,0
2198,0,0
2199,0,0
2200,0,0
2201,0,1
2202,0,1
2203,0,1
2204,0,1
2205,0,0
2206,0,1
2207,0,1
2208,0,1
2209,0,1
2210,0,0
2211,0,1
2212,0,0
2213,0,1
2214,0,1
2215,0,1
2216,0,1
2217,0,1
2218,0,1
2219,0,1
2220,0,1
2221,0,1
2222,0,1
2223,0,1
2224,0,0
2225,0,1
2226,0,1
2227,0,1
2228,0,1
2229,0,1
2230,0,0
2231,0,1
2232,0,0
2233,0,0
2234,0,1
2235,0,1
2236,0,0
2237,0,1
2238,0,1
2239,0,1
2240,0,0
2241,0,0
2242,0,1
2243,0,1
2244,0,1
2245,0,1
2246,0,1
2247,0,1
2248,0,1
2249,0,1
2250,0,1
2251,0,1
2252,0,1
2253,0,0
2254,0,1
2255,0,1
2256,0,1
2257,0,1
2258,0,1
2259,0,1
2260,0,0
2261,0,1
2262,0,0
2263,0,1
2264,0,1
2265,0,0
2266,0,1
2267,0,1
2268,0,1
2269,0,1
2270,0,0
2271,0,1
2272,0,1
2273,0,1
2274,0,1
2275,0,1
2276,0,0
2277,0,1
2278,0,1
2279,0,0
2280,0,0
2281,0,1
2282,0,1
2283,0,1
2284,0,1
2285,0,1
2286,0,1
2287,0,1
2288,0,1
2289,0,1
2290,0,1
2291,0,0
2292,0,1
2293,0,1
2294,0,0
2295,0,1
2296,0,1
2297,0,1
2298,0,1
2299,0,0
2300,0,1
2301,0,1
2302,0,1
2303,0,1
2304,0,1
2305,0,1
2306,0,1
2307,0,1
2308,0,0
2309,0,1
2310,0,1
2311,0,1
2312,0,0
2313,0,0
2314,0,0
2315,0,1
2316,0,1
2317,0,1
2318,0,0
2319,0,1
2320,0,1
2321,0,1
2322,0,1
2323,0,1
2324,0,1
2325,0,1
2326,0,0
2327,0,0
2328,0,1
2329,0,1
2330,0,1
2331,0,0
2332,0,0
2333,0,0
2334,0,1
2335,0,1
2336,0,1
2337,0,1
2338,0,0
2339,0,1
2340,0,1
2341,0,0
2342,0,0
2343,0,0
2344,0,1
2345,0,0
2346,0,1
2347,0,1
2348,0,1
2349,0,1
2350,0,1
2351,0,0
2352,0,1
2353,0,1
2354,0,1
2355,0,1
2356,0,0
2357,0,1
2358,0,0
2359,0,0
2360,0,1
2361,0,0
2362,0,0
2363,0,1
2364,0,0
2365,0,1
2366,0,0
2367,0,1
2368,0,1
2369,0,0
2370,0,1
2371,0,1
2372,0,1
2373,0,1
2374,0,1
2375,0,1
2376,0,0
2377,0,1
2378,0,1
2379,0,0
2380,0,1
2381,0,0
2382,0,1
2383,0,1
2384,0,1
2385,0,1
2386,0,0
2387,0,0
2388,0,1
2389,0,1
2390,0,1
2391,0,1
2392,0,1
2393,0,1
2394,0,1
2395,0,0
2396,0,1
2397,0,0
2398,0,1
2399,0,1
2400,0,1
2401,0,1
2402,0,1
2403,0,1
2404,0,1
2405,0,1
2406,0,0
2407,0,1
2408,0,1
2409,0,1
2410,0,0
2411,0,1
2412,0,1
2413,0,1
2414,0,1
2415,0,1
2416,0,1
2417,0,1
2418,0,1
2419,0,0
2420,0,0
2421,0,1
2422,0,1
2423,0,0
2424,0,0
2425,0,0
2426,0,1
2427,0,0
2428,0,1
2429,0,0
2430,0,0
2431,0,1
2432,0,1
2433,0,1
2434,0,1
2435,0,0
2436,0,1
2437,0,1
2438,0,0
2439,0,1
2440,0,0
2441,0,0
2442,0,0
2443,0,1
2444,0,1
2445,0,1
2446,0,0
2447,0,1
2448,0,0
2449,0,1
2450,0,0
2451,0,1
2452,0,0
2453,0,0
2454,0,0
2455,0,0
2456,0,1
2457,0,1
2458,0,0
2459,0,1
2460,0,1
2461,0,1
2462,0,0
2463,0,0
2464,0,1
2465,0,1
2466,0,1
2467,0,0
2468,0,1
2469,0,0
2470,0,1
2471,0,0
2472,0,0
2473,0,1
2474,0,1
2475,0,0
2476,0,1
2477,0,0
2478,0,0
2479,0,0
2480,0,1
2481,0,0
2482,0,1
2483,0,0
2484,0,1
2485,0,0
2486,0,1
2487,0,1
2488,0,1
2489,0,1
2490,0,1
2491,0,1
2492,0,1
2493,0,0
2494,0,0
2495,0,1
2496,0,1
2497,0,1
2498,0,1
2499,0,1
2500,0,1
2501,0,1
2502,0,1
2503,0,1
2504,0,1
2505,0,1
2506,0,0
2507,0,0
2508,0,1
2509,0,1
2510,0,1
2511,0,1
2512,0,1
2513,0,0
2514,0,0
2515,0,0
2516,0,1
2517,0,1
2518,0,1
2519,0,1
2520,0,1
2521,0,1
2522,0,0
2523,0,1
2524,0,1
2525,0,1
2526,0,0
2527,0,1
2528,0,1
2529,0,1
2530,0,1
2531,0,0
2532,0,1
2533,0,1
2534,0,0
2535,0,1
2536,0,1
2537,0,1
2538,0,1
2539,0,1
2540,0,1
2541,0,1
2542,0,1
2543,0,1
2544,0,1
2545,0,1
2546,0,1
2547,0,1
2548,0,0
2549,0,1
2550,0,0
2551,0,1
2552,0,0
2553,0,0
2554,0,1
2555,0,1
2556,0,0
2557,0,0
2558,0,1
2559,0,1
2560,0,1
2561,0,1
2562,0,1
2563,0,0
2564,0,1
2565,0,1
2566,0,1
2567,0,1
2568,0,1
2569,0,0
2570,0,0
2571,0,1
2572,0,0
2573,0,1
2574,0,0
2575,0,0
2576,0,1
2577,0,0
2578,0,1
2579,0,0
2580,0,1
2581,0,0
2582,0,1
2583,0,1
2584,0,1
2585,0,0
2586,0,1
2587,0,1
2588,0,0
2589,0,1
2590,0,1
2591,0,1
2592,0,1
2593,0,1
2594,0,0
2595,0,1
2596,0,0
2597,0,1
2598,0,0
2599,0,1
2600,0,1
2601,0,1
2602,0,1
2603,0,1
2604,0,1
2605,0,1
2606,0,1
2607,0,1
2608,0,0
2609,0,0
2610,0,1
2611,0,1
2612,0,0
2613,0,1
2614,0,1
2615,0,1
2616,0,0
2617,0,1
2618,0,1
2619,0,1
2620,0,1
2621,0,0
2622,0,1
2623,0,1
2624,0,1
2625,0,1
2626,0,0
2627,0,1
2628,0,0
2629,0,1
2630,0,1
2631,0,0
2632,0,1
2633,0,1
2634,0,1
2635,0,1
2636,0,1
2637,0,1
2638,0,0
2639,0,1
2640,0,0
2641,0,1
2642,0,1
2643,0,1
2644,0,1
2645,0,1
2646,0,1
2647,0,0
2648,0,1
2649,0,0
2650,0,1
2651,0,1
2652,0,0
2653,0,1
2654,0,0
2655,0,0
2656,0,0
2657,0,1
2658,0,1
2659,0,1
2660,0,1
2661,0,0
2662,0,1
2663,0,1
2664,0,1
2665,0,1
2666,0,0
2667,0,1
2668,0,1
2669,0,1
2670,0,1
2671,0,1
2672,0,1
2673,0,1
2674,0,1
2675,0,1
2676,0,0
2677,0,1
2678,0,1
2679,0,0
2680,0,0
2681,0,1
2682,0,1
2683,0,1
2684,0,1
2685,0,0
2686,0,1
2687,0,1
2688,0,1
2689,0,0
2690,0,0
2691,0,1
2692,0,0
2693,0,0
2694,0,1
2695,0,0
2696,0,1
2697,0,1
2698,0,1
2699,0,1
2700,0,1
2701,0,1
2702,0,1
2703,0,1
2704,0,1
2705,0,0
2706,0,0
2707,0,0
2708,0,0
2709,0,0
2710,0,0
2711,0,1
2712,0,1
2713,0,0
2714,0,0
2715,0,0
2716,0,1
2717,0,1
2718,0,0
2719,0,0
2720,0,0
2721,0,1
2722,0,1
2723,0,1
2724,0,1
2725,0,0
2726,0,1
2727,0,0
2728,0,0
2729,0,0
2730,0,1
2731,0,0
2732,0,1
2733,0,0
2734,0,1
2735,0,1
2736,0,1
2737,0,1
2738,0,1
2739,0,0
2740,0,0
2741,0,1
2742,0,1
2743,0,1
2744,0,1
2745,0,1
2746,0,0
2747,0,1
2748,0,1
2749,0,1
2750,0,1
2751,0,1
2752,0,1
2753,0,1
2754,0,0
2755,0,1
2756,0,0
2757,0,1
2758,0,1
2759,0,0
2760,0,1
2761,0,1
2762,0,1
2763,0,1
2764,0,1
2765,0,0
2766,0,1
2767,0,1
2768,0,1
2769,0,1
2770,0,1
2771,0,0
2772,0,1
2773,0,0
2774,0,1
2775,0,1
2776,0,1
2777,0,1
2778,0,0
2779,0,1
2780,0,1
2781,0,1
2782,0,1
2783,0,1
2784,0,1
2785,0,0
2786,0,1
2787,0,1
2788,0,1
2789,0,1
2790,0,1
2791,0,1
2792,0,1
2793,0,1
2794,0,1
2795,0,1
2796,0,1
2797,0,1
2798,0,1
2799,0,1
2800,0,1
2801,0,0
2802,0,1
2803,0,0
2804,0,0
2805,0,1
2806,0,0
2807,0,0
2808,0,1
2809,0,1
2810,0,1
2811,0,1
2812,0,0
2813,0,0
2814,0,1
2815,0,1
2816,0,1
2817,0,0
2818,0,1
2819,0,1
2820,0,1
2821,0,1
2822,0,0
2823,0,0
2824,0,1
2825,0,0
2826,0,1
2827,0,1
2828,0,1
2829,0,1
2830,0,1
2831,0,1
2832,0,0
2833,0,0
2834,0,0
2835,0,0
2836,0,0
2837,0,1
2838,0,1
2839,0,1
2840,0,1
2841,0,0
2842,0,0
2843,0,0
2844,0,1
2845,0,1
2846,0,1
2847,0,0
2848,0,1
2849,0,1
2850,0,1
2851,0,1
2852,0,1
2853,0,0
2854,0,1
2855,0,0
2856,0,1
2857,0,1
2858,0,0
2859,0,1
2860,0,1
2861,0,0
2862,0,1
2863,0,1
2864,0,1
2865,0,1
2866,0,1
2867,0,0
2868,0,1
2869,0,1
2870,0,1
2871,0,0
2872,0,0
2873,0,1
2874,0,1
2875,0,0
2876,0,1
2877,0,0
2878,0,1
2879,0,1
2880,0,1
2881,0,1
2882,0,1
2883,0,1
2884,0,1
2885,0,0
2886,0,1
2887,0,0
2888,0,1
2889,0,0
2890,0,1
2891,0,0
2892,0,1
2893,0,1
2894,0,1
2895,0,1
2896,0,0
2897,0,0
2898,0,1
2899,0,0
2900,0,1
2901,0,1
2902,0,0
2903,0,0
2904,0,0
2905,0,1
2906,0,1
2907,0,1
2908,0,1
2909,0,1
2910,0,1
2911,0,1
2912,0,1
2913,0,0
2914,0,1
2915,0,1
2916,0,1
2917,0,0
2918,0,1
2919,0,1
2920,0,1
2921,0,1
2922,0,1
2923,0,1
2924,0,1
2925,0,1
2926,0,1
2927,0,1
2928,0,1
2929,0,1
2930,0,1
2931,0,1
2932,0,1
2933,0,1
2934,0,1
2935,0,0
2936,0,0
2937,0,1
2938,0,1
2939,0,1
2940,0,1
2941,0,0
2942,0,1
2943,0,1
2944,0,1
2945,0,1
2946,0,0
2947,0,1
2948,0,1
2949,0,1
2950,0,0
2951,0,1
2952,0,1
2953,0,1
2954,0,1
2955,0,1
2956,0,0
2957,0,1
2958,0,1
2959,0,1
2960,0,1
2961,0,0
2962,0,1
2963,0,1
2964,0,1
2965,0,1
2966,0,1
2967,0,1
2968,0,1
2969,0,1
2970,0,1
2971,0,1
2972,0,0
2973,0,0
2974,0,0
2975,0,1
2976,0,1
2977,0,1
2978,0,1
2979,0,0
2980,0,1
2981,0,0
2982,0,0
2983,0,1
2984,0,0
2985,0,1
2986,0,1
2987,0,0
2988,0,1
2989,0,0
2990,0,1
2991,0,0
2992,0,0
2993,0,1
2994,0,1
2995,0,0
2996,0,1
2997,0,1
2998,0,0
2999,0,1
3000,0,1
3001,0,0
3002,0,1
3003,0,0
3004,0,1
3005,0,1
3006,0,1
3007,0,1
3008,0,1
3009,0,1
3010,0,1
3011,0,1
3012,0,0
3013,0,1
3014,0,1
3015,0,0
3016,0,0
3017,0,1
3018,0,1
3019,0,0
3020,0,1
3021,0,0
3022,0,1
3023,0,1
3024,0,1
3025,0,1
3026,0,1
3027,0,1
3028,0,1
3029,0,0
3030,0,1
3031,0,0
3032,0,1
3033,0,1
3034,0,1
3035,0,1
3036,0,1
3037,0,0
3038,0,0
3039,0,1
3040,0,1
3041,0,1
3042,0,1
3043,0,0
3044,0,1
3045,0,1
3046,0,1
3047,0,1
3048,0,1
3049,0,1
3050,0,1
3051,0,1
3052,0,0
3053,0,1
3054,0,1
3055,0,1
3056,0,0
3057,0,1
3058,0,1
3059,0,1
3060,0,0
3061,0,1
3062,0,0
3063,0,1
3064,0,0
3065,0,1
3066,0,1
3067,0,0
3068,0,1
3069,0,0
3070,0,1
3071,0,1
3072,0,1
3073,0,1
3074,0,1
3075,0,1
3076,0,1
3077,0,1
3078,0,1
3079,0,1
3080,0,1
3081,0,1
3082,0,1
3083,0,1
3084,0,1
3085,0,0
3086,0,1
3087,0,0
3088,0,1
3089,0,0
3090,0,0
3091,0,1
3092,0,1
3093,0,0
3094,0,1
3095,0,1
3096,0,1
3097,0,0
3098,0,1
3099,0,0
3100,0,0
3101,0,1
3102,0,1
3103,0,1
3104,0,1
3105,0,1
3106,0,1
3107,0,1
3108,0,1
3109,0,0
3110,0,1
3111,0,1
3112,0,1
3113,0,1
3114,0,1
3115,0,1
3116,0,1
3117,0,0
3118,0,1
3119,0,1
3120,0,0
3121,0,1
3122,0,1
3123,0,1
3124,0,0
3125,0,1
3126,0,1
3127,0,1
3128,0,1
3129,0,0
3130,0,1
3131,0,1
3132,0,1
3133,0,1
3134,0,1
3135,0,1
3136,0,0
3137,0,0
3138,0,1
3139,0,1
3140,0,0
3141,0,0
3142,0,1
3143,0,0
3144,0,1
3145,0,1
3146,0,0
3147,0,0
3148,0,1
3149,0,1
3150,0,1
3151,0,1
3152,0,1
3153,0,0
3154,0,0
3155,0,1
3156,0,1
3157,0,0
3158,0,0
3159,0,0
3160,0,1
3161,0,1
3162,0,0
3163,0,0
3164,0,1
3165,0,0
3166,0,0
3167,0,1
3168,0,1
3169,0,1
3170,0,1
3171,0,1
3172,0,0
3173,0,1
3174,0,1
3175,0,1
3176,0,0
3177,0,1
3178,0,1
3179,0,1
3180,0,1
3181,0,1
3182,0,1
3183,0,1
3184,0,0
3185,0,1
3186,0,1
3187,0,1
3188,0,1
3189,0,1
3190,0,0
3191,0,1
3192,0,1
3193,0,1
3194,0,0
3195,0,1
3196,0,1
3197,0,1
3198,0,1
3199,0,0
3200,0,1
3201,0,0
3202,0,1
3203,0,0
3204,0,0
3205,0,1
3206,0,0
3207,0,0
3208,0,0
3209,0,1
3210,0,0
3211,0,1
3212,0,0
3213,0,1
3214,0,1
3215,0,0
3216,0,1
3217,0,0
3218,0,1
3219,0,0
3220,0,1
3221,0,1
3222,0,0
3223,0,0
3224,0,0
3225,0,1
3226,0,1
3227,0,1
3228,0,1
3229,0,1
3230,0,1
3231,0,0
3232,0,1
3233,0,1
3234,0,1
3235,0,1
3236,0,0
3237,0,1
3238,0,1
3239,0,1
3240,0,1
3241,0,1
3242,0,0
3243,0,1
3244,0,1
3245,0,0
3246,0,1
3247,0,1
3248,0,1
3249,0,1
3250,0,1
3251,0,1
3252,0,0
3253,0,1
3254,0,1
3255,0,1
3256,0,1
3257,0,0
3258,0,1
3259,0,1
3260,0,1
3261,0,1
3262,0,1
3263,0,1
3264,0,0
3265,0,1
3266,0,0
3267,0,0
3268,0,1
3269,0,1
3270,0,0
3271,0,0
3272,0,0
3273,0,1
3274,0,1
3275,0,0
3276,0,1
3277,0,1
3278,0,1
3279,0,1
3280,0,1
3281,0,0
3282,0,1
3283,0,0
3284,0,0
3285,0,1
3286,0,1
3287,0,1
3288,0,1
3289,0,1
3290,0,1
3291,0,1
3292,0,1
3293,0,1
3294,0,1
3295,0,1
3296,0,0
3297,0,0
3298,0,1
3299,0,0
3300,0,1
3301,0,1
3302,0,0
3303,0,1
3304,0,1
3305,0,1
3306,0,1
3307,0,1
3308,0,1
3309,0,0
3310,0,0
3311,0,1
3312,0,0
3313,0,1
3314,0,1
3315,0,1
3316,0,1
3317,0,0
3318,0,1
3319,0,1
3320,0,1
3321,0,0
3322,0,1
3323,0,1
3324,0,1
3325,0,0
3326,0,1
3327,0,0
3328,0,0
3329,0,0
3330,0,0
3331,0,1
3332,0,1
3333,0,1
3334,0,1
3335,0,1
3336,0,0
3337,0,1
3338,0,1
3339,0,0
3340,0,1
3341,0,1
3342,0,1
3343,0,1
3344,0,1
3345,0,0
3346,0,1
3347,0,1
3348,0,1
3349,0,1
3350,0,0
3351,0,1
3352,0,1
3353,0,1
3354,0,1
3355,0,1
3356,0,0
3357,0,0
3358,0,0
3359,0,1
3360,0,1
3361,0,1
3362,0,1
3363,0,1
3364,0,1
3365,0,1
3366,0,1
3367,0,1
3368,0,0
3369,0,0
3370,0,0
3371,0,1
3372,0,1
3373,0,0
3374,0,1
3375,0,1
3376,0,1
3377,0,1
3378,0,1
3379,0,0
3380,0,1
3381,0,1
3382,0,1
3383,0,0
3384,0,1
3385,0,1
3386,0,0
3387,0,0
3388,0,1
3389,0,1
3390,0,1
3391,0,1
3392,0,1
3393,0,1
3394,0,1
3395,0,0
3396,0,1
3397,0,0
3398,0,1
3399,0,1
3400,0,1
3401,0,1
3402,0,0
3403,0,0
3404,0,0
3405,0,1
3406,0,0
3407,0,0
3408,0,1
3409,0,0
3410,0,1
3411,0,1
3412,0,1
3413,0,0
3414,0,1
3415,0,1
3416,0,1
3417,0,0
3418,0,1
3419,0,0
3420,0,1
3421,0,0
3422,0,1
3423,0,1
3424,0,1
3425,0,1
3426,0,0
3427,0,0
3428,0,1
3429,0,1
3430,0,1
3431,0,1
3432,0,1
3433,0,1
3434,0,1
3435,0,1
3436,0,0
3437,0,1
3438,0,0
3439,0,0
3440,0,1
3441,0,1
3442,0,1
3443,0,1
3444,0,0
3445,0,0
3446,0,1
3447,0,0
3448,0,1
3449,0,1
3450,0,1
3451,0,1
3452,0,1
3453,0,1
3454,0,1
3455,0,1
3456,0,1
3457,0,0
3458,0,0
3459,0,0
3460,0,0
3461,0,0
3462,0,1
3463,0,0
3464,0,0
3465,0,1
3466,0,0
3467,0,1
3468,0,1
3469,0,1
3470,0,1
3471,0,1
3472,0,1
3473,0,1
3474,0,1
3475,0,1
3476,0,1
3477,0,1
3478,0,1
3479,0,1
3480,0,0
3481,0,0
3482,0,1
3483,0,1
3484,0,1
3485,0,1
3486,0,0
3487,0,0
3488,0,1
3489,0,0
3490,0,1
3491,0,1
3492,0,1
3493,0,1
3494,0,1
3495,0,1
3496,0,1
3497,0,1
3498,0,0
3499,0,1
3500,0,1
3501,0,1
3502,0,1
3503,0,0
3504,0,0
3505,0,1
3506,0,0
3507,0,1
3508,0,1
3509,0,1
3510,0,1
3511,0,1
3512,0,1
3513,0,1
3514,0,0
3515,0,1
3516,0,0
3517,0,1
3518,0,1
3519,0,1
3520,0,1
3521,0,1
3522,0,1
3523,0,1
3524,0,1
3525,0,0
3526,0,1
3527,0,1
3528,0,0
3529,0,1
3530,0,1
3531,0,1
3532,0,1
3533,0,0
3534,0,0
3535,0,0
3536,0,0
3537,0,0
3538,0,0
3539,0,0
3540,0,0
3541,0,1
3542,0,1
3543,0,1
3544,0,1
3545,0,1
3546,0,1
3547,0,1
3548,0,1
3549,0,0
3550,0,0
3551,0,0
3552,0,1
3553,0,1
3554,0,1
3555,0,1
3556,0,1
3557,0,1
3558,0,0
3559,0,1
3560,0,1
3561,0,1
3562,0,1
3563,0,1
3564,0,1
3565,0,0
3566,0,0
3567,0,1
3568,0,1
3569,0,0
3570,0,0
3571,0,1
3572,0,1
3573,0,0
3574,0,1
3575,0,1
3576,0,1
3577,0,1
3578,0,1
3579,0,1
3580,0,0
3581,0,1
3582,0,1
3583,0,1
3584,0,1
3585,0,0
3586,0,1
3587,0,1
3588,0,1
3589,0,0
3590,0,1
3591,0,0
3592,0,1
3593,0,1
3594,0,1
3595,0,1
3596,0,1
3597,0,1
3598,0,0
3599,0,0
3600,0,1
3601,0,1
3602,0,1
3603,0,1
3604,0,0
3605,0,1
3606,0,1
3607,0,1
3608,0,0
3609,0,1
3610,0,1
3611,0,1
3612,0,1
3613,0,0
3614,0,1
3615,0,0
3616,0,1
3617,0,0
3618,0,1
3619,0,1
3620,0,0
3621,0,1
3622,0,1
3623,0,1
3624,0,1
3625,0,1
3626,0,1
3627,0,1
3628,0,1
3629,0,0
3630,0,1
3631,0,1
3632,0,1
3633,0,1
3634,0,1
3635,0,1
3636,0,1
3637,0,1
3638,0,1
3639,0,0
3640,0,1
3641,0,0
3642,0,0
3643,0,1
3644,0,1
3645,0,1
3646,0,1
3647,0,1
3648,0,1
3649,0,1
3650,0,1
3651,0,1
3652,0,1
3653,0,1
3654,0,1
3655,0,1
3656,0,1
3657,0,1
3658,0,1
3659,0,1
3660,0,1
3661,0,0
3662,0,1
3663,0,1
3664,0,1
3665,0,1
3666,0,1
3667,0,1
3668,0,0
3669,0,1
3670,0,1
3671,0,1
3672,0,1
3673,0,0
3674,0,1
3675,0,1
3676,0,0
3677,0,1
3678,0,0
3679,0,1
3680,0,1
3681,0,1
3682,0,1
3683,0,1
3684,0,0
3685,0,1
3686,0,1
3687,0,0
3688,0,1
3689,0,1
3690,0,1
3691,0,1
3692,0,1
3693,0,1
3694,0,0
3695,0,0
3696,0,1
3697,0,1
3698,0,1
3699,0,1
3700,0,0
3701,0,0
3702,0,1
3703,0,0
3704,0,0
3705,0,1
3706,0,1
3707,0,0
3708,0,1
3709,0,0
3710,0,1
3711,0,1
3712,0,1
3713,0,1
3714,0,0
3715,0,1
3716,0,0
3717,0,1
3718,0,1
3719,0,1
3720,0,1
3721,0,1
3722,0,0
3723,0,1
3724,0,0
3725,0,1
3726,0,1
3727,0,1
3728,0,1
3729,0,1
3730,0,1
3731,0,1
3732,0,1
3733,0,0
3734,0,1
3735,0,1
3736,0,1
3737,0,0
3738,0,1
3739,0,1
3740,0,1
3741,0,0
3742,0,0
3743,0,1
3744,0,1
3745,0,1
3746,0,1
3747,0,1
3748,0,1
3749,0,1
3750,0,1
3751,0,0
3752,0,1
3753,0,1
3754,0,1
3755,0,1
3756,0,1
3757,0,1
3758,0,0
3759,0,1
3760,0,1
3761,0,1
3762,0,0
3763,0,1
3764,0,1
3765,0,0
3766,0,1
3767,0,0
3768,0,1
3769,0,1
3770,0,1
3771,0,1
3772,0,1
3773,0,1
3774,0,1
3775,0,1
3776,0,0
3777,0,1
3778,0,0
3779,0,0
3780,0,1
3781,0,1
3782,0,0
3783,0,1
3784,0,0
3785,0,0
3786,0,1
3787,0,1
3788,0,1
3789,0,1
3790,0,1
3791,0,1
3792,0,1
3793,0,0
3794,0,1
3795,0,0
3796,0,0
3797,0,1
3798,0,1
3799,0,0
3800,0,1
3801,0,1
3802,0,0
3803,0,0
3804,0,1
3805,0,1
3806,0,1
3807,0,1
3808,0,0
3809,0,1
3810,0,1
3811,0,1
3812,0,1
3813,0,1
3814,0,0
3815,0,1
3816,0,1
3817,0,1
3818,0,1
3819,0,0
3820,0,1
3821,0,1
3822,0,0
3823,0,1
3824,0,0
3825,0,1
3826,0,1
3827,0,1
3828,0,1
3829,0,1
3830,0,1
3831,0,1
3832,0,0
3833,0,1
3834,0,0
3835,0,1
3836,0,0
3837,0,1
3838,0,0
3839,0,0
3840,0,1
3841,0,1
3842,0,0
3843,0,1
3844,0,0
3845,0,1
3846,0,1
3847,0,1
3848,0,1
3849,0,1
3850,0,1
3851,0,0
3852,0,1
3853,0,0
3854,0,0
3855,0,1
3856,0,1
3857,0,0
3858,0,1
3859,0,0
3860,0,1
3861,0,0
3862,0,1
3863,0,0
3864,0,1
3865,0,1
3866,0,1
3867,0,1
3868,0,1
3869,0,1
3870,0,1
3871,0,1
3872,0,1
3873,0,1
3874,0,1
3875,0,0
3876,0,0
3877,0,0
3878,0,1
3879,0,1
3880,0,0
3881,0,0
3882,0,1
3883,0,1
3884,0,1
3885,0,1
3886,0,1
3887,0,0
3888,0,0
3889,0,1
3890,0,1
3891,0,0
3892,0,1
3893,0,0
3894,0,1
3895,0,0
3896,0,1
3897,0,1
3898,0,1
3899,0,0
3900,0,1
3901,0,1
3902,0,1
3903,0,0
3904,0,1
3905,0,1
3906,0,1
3907,0,1
3908,0,1
3909,0,0
3910,0,1
3911,0,1
3912,0,1
3913,0,1
3914,0,1
3915,0,0
3916,0,1
3917,0,1
3918,0,1
3919,0,0
3920,0,0
3921,0,1
3922,0,1
3923,0,1
3924,0,0
3925,0,1
3926,0,1
3927,0,0
3928,0,0
3929,0,1
3930,0,0
3931,0,0
3932,0,1
3933,0,1
3934,0,1
3935,0,0
3936,0,1
3937,0,1
3938,0,0
3939,0,1
3940,0,0
3941,0,1
3942,0,1
3943,0,1
3944,0,1
3945,0,1
3946,0,1
3947,0,1
3948,0,1
3949,0,0
3950,0,1
3951,0,1
3952,0,0
3953,0,1
3954,0,1
3955,0,0
3956,0,1
3957,0,0
3958,0,1
3959,0,0
3960,0,1
3961,0,0
3962,0,1
3963,0,1
3964,0,1
3965,0,0
3966,0,0
3967,0,0
3968,0,1
3969,0,1
3970,0,0
3971,0,1
3972,0,1
3973,0,0
3974,0,1
3975,0,0
3976,0,1
3977,0,0
3978,0,0
3979,0,1
3980,0,0
3981,0,1
3982,0,1
3983,0,1
3984,0,1
3985,0,0
3986,0,0
3987,0,0
3988,0,0
3989,0,1
3990,0,1
3991,0,1
3992,0,0
3993,0,1
3994,0,0
3995,0,1
3996,0,1
3997,0,1
3998,0,0
3999,0,1
